1,Valenka,Bollom,vbollom0@narod.ru,Male,148.173.242.245
2,Saul,McPhillimey,smcphillimey1@examiner.com,Female,83.229.213.52
3,Renell,Morewood,rmorewood2@bbb.org,Male,216.99.114.87
4,Kaela,Cubbini,kcubbini3@ucsd.edu,Female,55.148.134.68
5,Jaclin,Wanell,jwanell4@whitehouse.gov,Male,63.172.216.176
6,Bondie,Bontoft,bbontoft5@hhs.gov,Female,234.97.221.58
7,Christoph,Awin,cawin6@liveinternet.ru,Female,192.192.238.57
8,Ronna,Awcoate,rawcoate7@tamu.edu,Female,189.251.151.128
9,Shaun,Scapens,sscapens8@i2i.jp,Female,128.40.1.234
10,Romonda,Kluger,rkluger9@ask.com,Male,120.240.159.167
11,Adolphus,Whellams,awhellamsa@usa.gov,Bigender,138.42.97.164
12,Deidre,Trunkfield,dtrunkfieldb@theglobeandmail.com,Female,1.76.229.24
13,Lesly,Mauger,lmaugerc@oakley.com,Male,0.129.215.101
14,Shea,Flanaghan,sflanaghand@linkedin.com,Male,9.212.136.48
15,Rickey,Scryne,rscrynee@hexun.com,Female,15.139.39.10
16,Rockie,Vaan,rvaanf@google.com.au,Female,51.28.95.221
17,Midge,Gosson,mgossong@fda.gov,Male,134.78.27.210
18,Umeko,Mervyn,umervynh@dailymail.co.uk,Female,235.224.75.201
19,Jacquetta,Silcox,jsilcoxi@utexas.edu,Male,88.96.233.213
20,Licha,Rippen,lrippenj@purevolume.com,Male,61.201.28.71
21,Griffith,Brandel,gbrandelk@nymag.com,Male,215.112.127.100
22,Rochelle,Seth,rsethl@histats.com,Male,216.169.26.42
23,Consuelo,Borer,cborerm@ocn.ne.jp,Male,247.10.205.241
24,Morgana,Kaliszewski,mkaliszewskin@domainmarket.com,Female,137.28.77.9
25,Mignon,Lux,mluxo@dmoz.org,Male,70.195.13.95
26,Arlen,Liver,aliverp@wiley.com,Female,138.138.88.121
27,Edin,Braunfeld,ebraunfeldq@marriott.com,Female,114.7.223.92
28,Odette,Avramovich,oavramovichr@mayoclinic.com,Female,57.147.152.157
29,Lynnea,Loakes,lloakess@nationalgeographic.com,Female,12.238.188.140
30,Sherill,Saladin,ssaladint@bbb.org,Agender,166.197.67.1
31,Carolus,Wetwood,cwetwoodu@feedburner.com,Male,246.236.75.248
32,Genevra,Lorant,glorantv@over-blog.com,Female,5.166.252.181
33,Quinton,Simeoni,qsimeoniw@biglobe.ne.jp,Female,80.165.201.64
34,Dedie,Cordaroy,dcordaroyx@cnbc.com,Female,225.202.139.36
35,Shermie,Mandrier,smandriery@cnbc.com,Male,102.197.24.111
36,Adeline,Elgood,aelgoodz@eepurl.com,Female,11.14.47.78
37,Arny,Seagrove,aseagrove10@goo.ne.jp,Male,126.20.150.148
38,Morie,Yeskin,myeskin11@mediafire.com,Male,130.162.207.137
39,Pietrek,Iwanicki,piwanicki12@japanpost.jp,Male,225.160.145.117
40,Heinrik,Mingay,hmingay13@deviantart.com,Female,50.58.146.33
41,Anthe,Jewise,ajewise14@spiegel.de,Male,113.179.181.116
42,Graham,Muffett,gmuffett15@goo.ne.jp,Male,8.122.157.100
43,Benny,Swiggs,bswiggs16@latimes.com,Female,176.37.155.38
44,Giselle,Abbatucci,gabbatucci17@hubpages.com,Male,157.216.67.118
45,Gretna,Domke,gdomke18@youtu.be,Female,195.92.248.134
46,Friederike,Witchalls,fwitchalls19@digg.com,Male,43.79.82.149
47,Edmund,Lean,elean1a@biglobe.ne.jp,Genderfluid,77.67.215.218
48,Barron,McGregor,bmcgregor1b@meetup.com,Male,131.121.232.171
49,Guillemette,Beadel,gbeadel1c@eepurl.com,Genderqueer,76.250.124.96
50,Costa,Mottershaw,cmottershaw1d@1und1.de,Female,220.205.173.113
51,Ashton,Smorfit,asmorfit1e@bigcartel.com,Polygender,79.92.28.43
52,Cobbie,Pigott,cpigott1f@rambler.ru,Male,126.244.141.15
53,Susie,Tottman,stottman1g@gnu.org,Male,179.111.170.44
54,Alla,Cashman,acashman1h@tmall.com,Male,119.56.86.49
55,Timofei,Axtell,taxtell1i@godaddy.com,Male,196.65.83.64
56,Cobby,Wait,cwait1j@nbcnews.com,Female,254.223.245.206
57,Dunn,Stallion,dstallion1k@photobucket.com,Female,244.207.32.32
58,Ricard,Klulisek,rklulisek1l@lulu.com,Female,184.147.180.118
59,Israel,Grinikhinov,igrinikhinov1m@shinystat.com,Male,238.160.66.87
60,Eliot,Piddle,epiddle1n@dell.com,Male,244.183.189.150
61,Vivyanne,Owenson,vowenson1o@theguardian.com,Female,129.55.99.127
62,Alikee,Gherarducci,agherarducci1p@last.fm,Male,164.200.44.93
63,Astrid,McClaurie,amcclaurie1q@patch.com,Female,15.176.3.113
64,Thom,Fitchet,tfitchet1r@netlog.com,Female,156.175.137.250
65,Leese,Wyer,lwyer1s@auda.org.au,Male,104.180.209.19
66,Carolyne,Gowanson,cgowanson1t@imdb.com,Female,177.89.164.195
67,Ring,Ollie,rollie1u@hp.com,Male,163.129.135.46
68,Ermengarde,Goodluck,egoodluck1v@youtu.be,Male,226.1.102.103
69,Cornie,McQuirter,cmcquirter1w@foxnews.com,Female,108.100.1.81
70,Leisha,Angier,langier1x@cisco.com,Male,116.229.164.121
71,Bryana,Piggin,bpiggin1y@shutterfly.com,Male,186.118.239.90
72,Kikelia,Lepope,klepope1z@bizjournals.com,Female,33.179.36.189
73,Ira,McAuslene,imcauslene20@163.com,Male,151.23.183.49
74,Monika,Aveline,maveline21@dyndns.org,Male,139.186.190.71
75,Charita,Hoyle,choyle22@google.es,Female,173.137.97.68
76,Helene,Dyde,hdyde23@zimbio.com,Male,125.15.153.116
77,Julietta,Hatwell,jhatwell24@taobao.com,Genderfluid,8.20.75.3
78,Waverley,Gorgler,wgorgler25@dagondesign.com,Male,143.255.86.119
79,Jo ann,Cellone,jcellone26@europa.eu,Male,167.146.219.251
80,Florance,Folker,ffolker27@free.fr,Male,155.68.86.210
81,Tripp,Drife,tdrife28@phoca.cz,Female,71.219.72.77
82,Ansley,Lipson,alipson29@amazon.co.jp,Male,177.124.14.1
83,Ericha,Tolemache,etolemache2a@t.co,Male,52.41.220.40
84,Burnard,Boxer,bboxer2b@wired.com,Male,22.55.146.153
85,Nappy,Ewing,newing2c@jimdo.com,Male,7.108.214.179
86,Morton,Doog,mdoog2d@parallels.com,Female,139.123.140.120
87,Rutger,Bamborough,rbamborough2e@imdb.com,Male,100.255.141.251
88,Boonie,Geddes,bgeddes2f@google.de,Male,41.60.171.172
89,Corinne,Kohnen,ckohnen2g@nydailynews.com,Male,50.61.128.120
90,Codie,Huckerbe,chuckerbe2h@mtv.com,Female,177.146.115.10
91,Corrinne,Dallas,cdallas2i@nba.com,Female,22.219.127.122
92,Coraline,Sharvill,csharvill2j@domainmarket.com,Female,21.4.228.33
93,Hurley,Stanners,hstanners2k@bbc.co.uk,Male,4.27.176.174
94,Wit,Kassidy,wkassidy2l@ihg.com,Female,74.171.174.71
95,Olympe,Gioan,ogioan2m@cyberchimps.com,Bigender,50.240.19.176
96,Mellie,Geggie,mgeggie2n@ucoz.ru,Female,56.241.118.16
97,Silas,Reeson,sreeson2o@sbwire.com,Bigender,245.187.64.38
98,Alica,Boast,aboast2p@phpbb.com,Female,208.223.153.150
99,Modesta,O'Dee,modee2q@state.gov,Female,93.157.194.151
100,Harbert,Kighly,hkighly2r@ucsd.edu,Male,253.1.133.194
101,Basia,Faucherand,bfaucherand2s@blogspot.com,Female,176.212.2.36
102,Jerrylee,Truitt,jtruitt2t@foxnews.com,Male,233.1.69.235
103,Carmel,Trewartha,ctrewartha2u@yahoo.com,Male,173.244.144.203
104,Gracie,Haws,ghaws2v@sfgate.com,Female,243.19.150.73
105,Jourdain,Scoffins,jscoffins2w@parallels.com,Non-binary,222.96.121.186
106,Isabella,Sentance,isentance2x@hud.gov,Male,127.176.26.200
107,Quinta,Kirkhouse,qkirkhouse2y@gov.uk,Male,5.202.71.73
108,Terri,Lytlle,tlytlle2z@shinystat.com,Male,247.253.179.93
109,Hadrian,Warboys,hwarboys30@dyndns.org,Female,110.22.21.247
110,Blaire,Posner,bposner31@4shared.com,Female,201.100.1.17
111,Glenine,Mangin,gmangin32@360.cn,Female,28.195.9.149
112,Ogdon,Blackford,oblackford33@g.co,Bigender,159.187.184.9
113,Wallie,Gherarducci,wgherarducci34@mashable.com,Non-binary,220.47.28.124
114,Rayshell,Boyn,rboyn35@symantec.com,Male,47.6.53.52
115,Melloney,Paridge,mparidge36@cnbc.com,Male,153.60.205.175
116,Abbie,Smeed,asmeed37@ezinearticles.com,Female,193.68.201.97
117,Cly,Richter,crichter38@quantcast.com,Non-binary,249.245.58.112
118,Gabriello,Welman,gwelman39@ox.ac.uk,Female,52.226.13.244
119,Hans,Fetters,hfetters3a@ezinearticles.com,Male,109.84.203.237
120,Hyacinthia,Cleft,hcleft3b@drupal.org,Female,93.101.81.229
121,Angelia,Jeavons,ajeavons3c@people.com.cn,Female,199.92.178.106
122,Tobe,Dugall,tdugall3d@answers.com,Female,194.185.250.50
123,Whitney,Macy,wmacy3e@yellowbook.com,Male,201.16.145.83
124,Aubrette,Spinley,aspinley3f@w3.org,Female,55.90.182.8
125,Douglass,Roj,droj3g@pagesperso-orange.fr,Female,238.15.246.146
126,Timi,Kezor,tkezor3h@photobucket.com,Female,14.1.183.152
127,Carline,Rannie,crannie3i@bluehost.com,Male,40.221.74.236
128,Jsandye,De Cristofalo,jdecristofalo3j@icio.us,Female,130.107.191.137
129,Eilis,Bellerby,ebellerby3k@hugedomains.com,Male,111.174.72.154
130,Saudra,Annets,sannets3l@rambler.ru,Male,157.203.71.220
131,Jerrine,Isaksson,jisaksson3m@intel.com,Male,162.248.167.123
132,Florinda,Cordero,fcordero3n@reverbnation.com,Female,206.208.30.68
133,Ralph,Richardes,rrichardes3o@sohu.com,Female,62.201.45.158
134,Izzy,Nickols,inickols3p@apache.org,Female,40.23.179.176
135,Joyce,Minter,jminter3q@senate.gov,Female,7.181.122.51
136,Leonard,O'Carran,locarran3r@devhub.com,Male,214.120.129.106
137,Bron,McMillan,bmcmillan3s@narod.ru,Male,208.34.82.73
138,Efren,Bagguley,ebagguley3t@studiopress.com,Female,100.48.15.252
139,Koo,Kemmett,kkemmett3u@mail.ru,Male,40.23.92.117
140,Jean,Baysting,jbaysting3v@virginia.edu,Female,22.16.53.188
141,Aggie,O'Doohaine,aodoohaine3w@jugem.jp,Male,85.100.253.173
142,Keslie,Lambie,klambie3x@fotki.com,Female,157.45.70.117
143,Justen,Frayling,jfrayling3y@boston.com,Female,211.94.213.172
144,Dom,Follet,dfollet3z@usa.gov,Male,141.192.137.2
145,Andreana,Paulillo,apaulillo40@pagesperso-orange.fr,Female,93.110.208.50
146,Brice,Bachs,bbachs41@acquirethisname.com,Male,119.185.165.196
147,Jerrilee,Filipychev,jfilipychev42@cbsnews.com,Male,184.232.82.212
148,Cord,Labern,clabern43@independent.co.uk,Female,82.158.141.84
149,Reynolds,Delph,rdelph44@amazon.de,Male,196.103.45.203
150,Kele,Dearsley,kdearsley45@unicef.org,Female,174.146.50.104
151,Pooh,Bull,pbull46@reddit.com,Female,74.134.133.150
152,Jens,Benettelli,jbenettelli47@arizona.edu,Female,204.236.2.189
153,Lionello,Liffe,lliffe48@paypal.com,Male,236.134.220.188
154,Sheila-kathryn,Bywaters,sbywaters49@hc360.com,Female,81.224.206.234
155,Jolynn,Ludlem,jludlem4a@google.ca,Male,239.83.190.84
156,Priscella,Veart,pveart4b@furl.net,Female,83.167.162.230
157,Kimble,Mansell,kmansell4c@dedecms.com,Female,56.5.244.148
158,Aryn,Olden,aolden4d@chron.com,Male,175.231.101.99
159,Kirbee,Smorthit,ksmorthit4e@e-recht24.de,Genderqueer,132.59.47.130
160,Lynna,Radnage,lradnage4f@tripod.com,Female,96.213.123.77
161,Terri-jo,Ommanney,tommanney4g@answers.com,Male,98.17.132.148
162,Gilberto,Lumb,glumb4h@craigslist.org,Male,206.110.2.1
163,Percival,Breeton,pbreeton4i@creativecommons.org,Female,205.117.153.26
164,Cathlene,Wansbury,cwansbury4j@psu.edu,Male,201.9.129.248
165,Clemmy,Timeby,ctimeby4k@yolasite.com,Agender,215.170.136.224
166,Jeremiah,Branton,jbranton4l@blogtalkradio.com,Female,44.40.2.109
167,Karleen,Dunaway,kdunaway4m@princeton.edu,Female,235.210.123.161
168,Oriana,O'Bradain,oobradain4n@blogs.com,Male,7.87.177.204
169,Andree,Whitley,awhitley4o@google.com.au,Female,164.11.237.149
170,Pavia,Ganley,pganley4p@who.int,Male,0.201.199.182
171,Johnathan,Tollit,jtollit4q@hhs.gov,Male,112.143.30.81
172,Lauri,Iorns,liorns4r@meetup.com,Female,134.43.189.157
173,Gratiana,Culleford,gculleford4s@economist.com,Male,77.125.168.152
174,Happy,Vaughan-Hughes,hvaughanhughes4t@deviantart.com,Female,210.83.217.105
175,Cherin,Inglese,cinglese4u@squarespace.com,Agender,193.170.206.95
176,Thibaut,Brennand,tbrennand4v@vistaprint.com,Polygender,72.178.131.91
177,Laverna,Fradson,lfradson4w@goo.ne.jp,Male,168.114.109.232
178,Lewie,Ovell,lovell4x@mayoclinic.com,Female,33.0.67.32
179,Gretchen,McIlvaney,gmcilvaney4y@stumbleupon.com,Male,164.95.155.37
180,Cheslie,Trevethan,ctrevethan4z@gnu.org,Female,154.77.133.59
181,Shawn,Tregear,stregear50@pinterest.com,Female,156.229.84.251
182,Andres,Woollaston,awoollaston51@shareasale.com,Polygender,59.168.157.52
183,Jeffry,Arndt,jarndt52@twitpic.com,Female,7.25.76.87
184,Lauretta,Brazenor,lbrazenor53@smh.com.au,Female,185.243.242.148
185,Neill,Snepp,nsnepp54@gov.uk,Agender,16.250.81.189
186,Louise,Ianitti,lianitti55@zimbio.com,Female,86.24.160.86
187,Neddie,Fourmy,nfourmy56@cnbc.com,Female,201.254.248.97
188,Quinta,Brood,qbrood57@quantcast.com,Female,141.212.98.202
189,Sophi,Gladebeck,sgladebeck58@who.int,Female,125.82.118.166
190,Quincey,Pavek,qpavek59@umich.edu,Female,96.23.233.135
191,Clerc,Mandrake,cmandrake5a@nytimes.com,Female,161.53.81.111
192,Harper,Nutbeam,hnutbeam5b@irs.gov,Female,132.205.201.191
193,Raquela,Valek,rvalek5c@comcast.net,Female,79.47.219.223
194,Kylen,Trippitt,ktrippitt5d@multiply.com,Female,152.144.56.211
195,Wilden,Fransman,wfransman5e@geocities.com,Male,0.28.217.136
196,Sal,Suggett,ssuggett5f@deliciousdays.com,Male,72.167.240.48
197,Dorthea,Worlock,dworlock5g@tiny.cc,Male,253.11.88.121
198,Palm,Shields,pshields5h@1und1.de,Female,72.85.165.174
199,Madalena,Durak,mdurak5i@google.com.hk,Female,100.207.172.130
200,Jedd,Gethins,jgethins5j@360.cn,Male,249.176.195.163
201,Viviyan,Garron,vgarron5k@psu.edu,Female,177.199.25.171
202,Isabelle,Faircliffe,ifaircliffe5l@imgur.com,Female,97.25.239.155
203,Gerhardt,Breffit,gbreffit5m@apache.org,Male,62.58.93.146
204,Thorin,Durward,tdurward5n@arstechnica.com,Female,78.97.143.157
205,Kelsey,Elderton,kelderton5o@alexa.com,Male,157.148.193.204
206,Alanson,Tebbutt,atebbutt5p@usnews.com,Male,2.50.230.230
207,Alfonso,Gregolin,agregolin5q@chronoengine.com,Female,100.158.7.66
208,Liz,Gahan,lgahan5r@umich.edu,Female,106.79.140.113
209,Humfrey,Wandtke,hwandtke5s@nps.gov,Female,171.207.69.226
210,Joel,Fried,jfried5t@constantcontact.com,Female,231.226.60.48
211,Basilio,Gooderick,bgooderick5u@microsoft.com,Male,53.39.163.223
212,Abba,Feragh,aferagh5v@psu.edu,Male,141.226.121.59
213,Elliot,Camilio,ecamilio5w@salon.com,Female,24.92.176.103
214,Sharyl,Fishpoole,sfishpoole5x@hostgator.com,Male,155.84.198.211
215,Vassily,Cashford,vcashford5y@telegraph.co.uk,Female,50.58.51.66
216,Artair,Gillison,agillison5z@networksolutions.com,Male,223.60.230.80
217,Shannah,Bauldrey,sbauldrey60@ezinearticles.com,Female,43.219.69.30
218,Gavan,Ferrotti,gferrotti61@a8.net,Male,206.113.35.43
219,Danice,Foulkes,dfoulkes62@sphinn.com,Male,225.102.3.108
220,Giacinta,Normanville,gnormanville63@google.com.br,Male,59.189.53.153
221,Katharine,Duffree,kduffree64@webs.com,Female,94.27.4.205
222,Egan,Kember,ekember65@slate.com,Male,10.240.41.13
223,Elana,MacRanald,emacranald66@goo.gl,Female,27.211.132.235
224,Katharine,Goaley,kgoaley67@histats.com,Female,154.175.73.240
225,Amitie,Summerson,asummerson68@ycombinator.com,Male,31.118.114.61
226,Velvet,Lorek,vlorek69@php.net,Male,67.134.243.36
227,Dana,Spurdle,dspurdle6a@sourceforge.net,Male,51.57.46.58
228,Karel,Goodisson,kgoodisson6b@vistaprint.com,Male,179.126.230.84
229,Jermaine,Casswell,jcasswell6c@discuz.net,Male,109.218.166.243
230,Simmonds,Gunny,sgunny6d@goodreads.com,Male,103.50.72.108
231,Luciano,Arnoult,larnoult6e@clickbank.net,Female,240.162.248.32
232,Raymund,MacPaden,rmacpaden6f@tripod.com,Female,48.244.205.203
233,Neall,Brice,nbrice6g@blinklist.com,Male,188.185.35.102
234,Fredrick,Cardis,fcardis6h@cyberchimps.com,Male,145.80.12.132
235,Zondra,Senechell,zsenechell6i@tripadvisor.com,Female,152.255.115.35
236,Julie,Points,jpoints6j@npr.org,Male,180.234.135.24
237,Blakeley,Farmery,bfarmery6k@pen.io,Female,221.161.127.76
238,Easter,Conaghan,econaghan6l@twitpic.com,Male,73.139.54.143
239,Emmeline,Meatcher,emeatcher6m@wiley.com,Female,65.59.173.122
240,Jori,Gutcher,jgutcher6n@deviantart.com,Genderqueer,231.179.210.11
241,Paul,Halesworth,phalesworth6o@google.com,Female,206.196.81.240
242,Sabrina,De Vaux,sdevaux6p@nydailynews.com,Male,78.29.234.27
243,Tiphani,Hovel,thovel6q@spiegel.de,Female,21.83.198.3
244,Olenka,Audsley,oaudsley6r@washingtonpost.com,Male,2.192.228.46
245,Josephina,Towhey,jtowhey6s@sciencedaily.com,Non-binary,100.203.64.160
246,Caleb,Krause,ckrause6t@vistaprint.com,Female,142.221.230.126
247,Anita,Pottberry,apottberry6u@w3.org,Male,32.160.35.71
248,Adiana,Brixey,abrixey6v@google.co.uk,Non-binary,170.41.7.242
249,Trstram,Paddle,tpaddle6w@1688.com,Male,230.20.35.39
250,Luci,Geer,lgeer6x@mysql.com,Polygender,96.180.33.21
251,Melonie,Stubbin,mstubbin6y@deviantart.com,Male,207.49.177.127
252,Karry,Hovert,khovert6z@nyu.edu,Male,132.201.45.177
253,Tatum,Brokenshire,tbrokenshire70@bluehost.com,Male,134.220.38.224
254,Katerina,Lightollers,klightollers71@cpanel.net,Male,202.79.219.5
255,Lennard,Littlekit,llittlekit72@joomla.org,Male,223.252.43.202
256,Gnni,Burnhams,gburnhams73@dailymotion.com,Female,255.23.122.72
257,Orville,Braidon,obraidon74@nih.gov,Male,137.71.214.106
258,Marthena,Spencley,mspencley75@mozilla.com,Male,111.96.253.21
259,Charmine,Frenzel;,cfrenzel76@msu.edu,Female,119.248.112.117
260,Betta,Crouse,bcrouse77@businessinsider.com,Female,246.105.103.136
261,Emma,Aggs,eaggs78@weebly.com,Female,90.189.94.89
262,Neall,Moulds,nmoulds79@yelp.com,Female,55.102.85.213
263,Webb,Seint,wseint7a@boston.com,Female,215.122.39.77
264,Gwenneth,Buss,gbuss7b@printfriendly.com,Male,43.17.178.1
265,Christye,Simes,csimes7c@ft.com,Male,17.87.71.82
266,Alta,Wildgoose,awildgoose7d@about.com,Male,10.86.116.252
267,Jeralee,Stuttard,jstuttard7e@google.it,Male,34.123.70.18
268,Robinson,Van Leeuwen,rvanleeuwen7f@slashdot.org,Female,15.171.223.82
269,Roxy,Mary,rmary7g@toplist.cz,Female,59.196.180.57
270,Spencer,Gadman,sgadman7h@virginia.edu,Female,234.120.155.36
271,Madeleine,Bargery,mbargery7i@vimeo.com,Female,21.159.45.170
272,Gaynor,Benley,gbenley7j@shop-pro.jp,Female,136.49.81.241
273,Brooks,Fleote,bfleote7k@npr.org,Genderfluid,43.49.199.30
274,Isidora,Heckney,iheckney7l@amazon.co.jp,Female,116.124.217.223
275,Nerte,Axton,naxton7m@pagesperso-orange.fr,Male,38.59.32.18
276,Jasun,Auton,jauton7n@godaddy.com,Non-binary,138.248.181.138
277,Hailee,Larman,hlarman7o@techcrunch.com,Female,159.55.208.44
278,Lea,Madill,lmadill7p@angelfire.com,Male,94.205.247.138
279,Billi,Duprey,bduprey7q@jimdo.com,Male,16.236.86.127
280,Grete,Corhard,gcorhard7r@blogtalkradio.com,Female,203.187.169.253
281,Bev,Schutze,bschutze7s@jalbum.net,Genderqueer,124.29.59.32
282,Alfi,Savell,asavell7t@dell.com,Female,206.10.5.105
283,Edna,Craighill,ecraighill7u@gnu.org,Female,1.1.148.16
284,Ellynn,Rodie,erodie7v@who.int,Male,47.200.10.65
285,Shandy,Normansell,snormansell7w@ycombinator.com,Male,189.161.159.170
286,Diannne,Mallison,dmallison7x@bandcamp.com,Female,75.55.219.247
287,Lorne,Plummer,lplummer7y@yahoo.com,Female,218.160.199.127
288,Alice,Purdon,apurdon7z@arstechnica.com,Male,169.88.38.169
289,Sayer,Barnham,sbarnham80@shop-pro.jp,Female,218.252.152.113
290,Petronella,Rosensaft,prosensaft81@g.co,Female,30.231.238.68
291,Coreen,Gottschalk,cgottschalk82@purevolume.com,Male,122.191.221.225
292,Juan,Balmer,jbalmer83@technorati.com,Male,181.188.20.108
293,Madison,Baistow,mbaistow84@jimdo.com,Agender,78.255.234.187
294,Mamie,Nicklin,mnicklin85@ca.gov,Agender,202.50.133.216
295,Tracy,Pett,tpett86@go.com,Male,35.54.126.32
296,Lindie,Batterham,lbatterham87@foxnews.com,Female,41.191.53.167
297,Morey,Coule,mcoule88@devhub.com,Male,89.134.106.181
298,Alys,Cottill,acottill89@t-online.de,Male,168.186.48.139
299,Ashleigh,Girdwood,agirdwood8a@netscape.com,Female,76.136.249.11
300,Moe,Axelbee,maxelbee8b@ezinearticles.com,Male,109.177.53.104
301,Andrew,Martt,amartt8c@nba.com,Female,104.100.219.6
302,Saw,Attrey,sattrey8d@miibeian.gov.cn,Female,128.81.40.193
303,Nerita,Ladds,nladds8e@mozilla.org,Female,236.20.81.79
304,Austina,Ferryn,aferryn8f@jiathis.com,Male,159.172.168.129
305,Allsun,Treanor,atreanor8g@vinaora.com,Male,178.240.84.32
306,Jeannie,Place,jplace8h@hugedomains.com,Female,7.234.80.225
307,Arnoldo,Fernyhough,afernyhough8i@phpbb.com,Male,150.105.26.97
308,Willey,Waterstone,wwaterstone8j@ucoz.com,Female,85.183.149.250
309,Roby,Tinson,rtinson8k@paypal.com,Female,128.31.186.0
310,Shea,Ledgister,sledgister8l@paypal.com,Male,230.7.104.27
311,Shanie,Vescovo,svescovo8m@pcworld.com,Male,226.90.193.129
312,Lorant,Back,lback8n@walmart.com,Female,219.218.88.122
313,Nolana,Minogue,nminogue8o@histats.com,Female,89.26.73.234
314,Josias,Aicken,jaicken8p@usgs.gov,Female,81.44.61.204
315,Ibrahim,Pietrusiak,ipietrusiak8q@arstechnica.com,Female,239.126.201.170
316,John,Kobpac,jkobpac8r@smugmug.com,Male,216.0.71.164
317,Maddalena,Laugherane,mlaugherane8s@shutterfly.com,Female,185.250.25.209
318,Freemon,Argo,fargo8t@fda.gov,Female,100.132.136.20
319,Burl,Kem,bkem8u@mozilla.com,Male,61.20.62.5
320,Dalston,Rielly,drielly8v@geocities.jp,Male,9.204.245.178
321,Heath,Dennant,hdennant8w@hc360.com,Female,214.35.5.233
322,Philip,Mallinson,pmallinson8x@spiegel.de,Male,51.205.104.18
323,Olav,Eversfield,oeversfield8y@ovh.net,Male,171.193.54.225
324,Tommy,Bantham,tbantham8z@youku.com,Male,250.35.91.183
325,Devy,Bentzen,dbentzen90@sitemeter.com,Female,133.145.132.156
326,Fidela,Metheringham,fmetheringham91@fotki.com,Female,28.67.220.173
327,Smith,Learman,slearman92@noaa.gov,Female,97.94.216.144
328,Gayler,Valsler,gvalsler93@ca.gov,Female,41.54.132.78
329,Charin,Checo,ccheco94@cdc.gov,Female,141.27.181.52
330,Miguel,Reisk,mreisk95@pbs.org,Female,103.169.219.198
331,Sayres,Breinlein,sbreinlein96@loc.gov,Male,138.92.172.205
332,Siward,Gleadhall,sgleadhall97@delicious.com,Male,155.180.16.179
333,Sherye,Bresnahan,sbresnahan98@senate.gov,Male,136.127.249.63
334,Tatum,Hatherill,thatherill99@icq.com,Female,162.131.79.88
335,Bethena,Cantua,bcantua9a@google.ru,Female,146.56.201.58
336,Misty,Exter,mexter9b@reddit.com,Male,193.169.160.186
337,Garrot,Willimot,gwillimot9c@nasa.gov,Male,68.169.100.14
338,Harman,Corah,hcorah9d@house.gov,Male,63.203.94.246
339,Chickie,Arthan,carthan9e@jalbum.net,Male,2.199.116.28
340,Clarey,Caldwall,ccaldwall9f@youku.com,Female,192.100.158.97
341,Lanny,Woodsford,lwoodsford9g@earthlink.net,Female,212.18.216.134
342,Corrie,Crombleholme,ccrombleholme9h@ovh.net,Male,118.69.15.145
343,Normie,Labb,nlabb9i@1688.com,Female,118.29.173.251
344,Felicdad,Canland,fcanland9j@dagondesign.com,Female,208.141.128.44
345,Gene,McKinn,gmckinn9k@ihg.com,Female,15.206.170.151
346,Luis,Keelan,lkeelan9l@guardian.co.uk,Male,13.78.67.77
347,Kiri,Dyers,kdyers9m@xing.com,Female,141.254.160.175
348,Lolly,Howatt,lhowatt9n@feedburner.com,Male,185.62.74.166
349,Dewie,Grass,dgrass9o@constantcontact.com,Male,183.13.220.234
350,Blanche,Greschke,bgreschke9p@jiathis.com,Male,215.145.238.175
351,Lew,Tight,ltight9q@1688.com,Male,175.240.126.100
352,Mitch,Ayling,mayling9r@mysql.com,Female,2.6.251.95
353,Lyssa,Kleinsmuntz,lkleinsmuntz9s@telegraph.co.uk,Male,223.64.212.57
354,Nathaniel,Jaimez,njaimez9t@wiley.com,Female,132.84.244.121
355,Truman,Fritter,tfritter9u@hp.com,Male,144.63.96.182
356,Kristopher,Gulvin,kgulvin9v@java.com,Female,62.90.209.69
357,Hester,Johannesson,hjohannesson9w@hugedomains.com,Female,27.151.198.49
358,Bert,Flitcroft,bflitcroft9x@berkeley.edu,Agender,91.76.186.43
359,Mitchel,Rushmer,mrushmer9y@yolasite.com,Male,108.73.179.195
360,Susanna,Crockley,scrockley9z@usa.gov,Female,179.37.73.210
361,Evangelina,Beaze,ebeazea0@imdb.com,Female,47.159.152.77
362,Maurise,Kneller,mknellera1@wikispaces.com,Female,206.146.140.67
363,Milton,Rieger,mriegera2@indiatimes.com,Male,207.117.191.193
364,Frants,Linforth,flinfortha3@rakuten.co.jp,Female,200.217.160.209
365,Estella,Pauluzzi,epauluzzia4@usatoday.com,Male,112.225.136.224
366,Lin,Diamond,ldiamonda5@yahoo.com,Female,64.153.180.204
367,Desmund,Whetson,dwhetsona6@scribd.com,Female,16.27.80.45
368,Tuesday,Lanchester,tlanchestera7@ustream.tv,Male,70.95.117.204
369,Morie,Stopford,mstopforda8@yandex.ru,Female,80.166.190.51
370,Andreana,Durnan,adurnana9@constantcontact.com,Female,250.253.122.203
371,Matilda,Roscher,mroscheraa@uol.com.br,Male,177.179.44.55
372,Alikee,Tandy,atandyab@soup.io,Male,89.168.19.67
373,Happy,Wade,hwadeac@businessinsider.com,Male,16.1.7.110
374,Ring,Gremane,rgremanead@sbwire.com,Female,66.100.132.247
375,Sloan,McParlin,smcparlinae@unicef.org,Female,133.252.7.212
376,Iolanthe,Bartlett,ibartlettaf@clickbank.net,Female,148.169.253.155
377,Ivett,Abdy,iabdyag@hexun.com,Female,135.159.45.60
378,Alvie,Fenelow,afenelowah@gmpg.org,Female,12.73.251.172
379,Tessi,Polamontayne,tpolamontayneai@comsenz.com,Bigender,254.188.249.187
380,Ephraim,Bareham,ebarehamaj@bing.com,Female,19.5.89.89
381,Georgianna,Clouter,gclouterak@reddit.com,Male,13.162.138.244
382,Aldon,Reyne,areyneal@un.org,Female,185.119.125.65
383,Kaylyn,Balcon,kbalconam@time.com,Female,73.171.120.227
384,Naoma,Stanbro,nstanbroan@ow.ly,Male,218.187.218.242
385,Anderea,Frost,afrostao@businessweek.com,Male,18.133.24.156
386,Nydia,Beswell,nbeswellap@columbia.edu,Female,182.6.130.100
387,Eleanore,Britt,ebrittaq@seesaa.net,Male,95.207.109.90
388,Ame,Reditt,aredittar@aol.com,Male,228.32.24.207
389,Ida,Widdicombe,iwiddicombeas@amazon.co.jp,Male,57.36.54.56
390,Rubi,Fahrenbacher,rfahrenbacherat@java.com,Female,31.91.134.7
391,Karlotte,Alu,kaluau@goo.gl,Female,129.106.104.147
392,Guthry,Fernandez,gfernandezav@indiegogo.com,Male,177.17.155.4
393,Harwell,Kemer,hkemeraw@samsung.com,Female,9.214.100.107
394,Andras,Elton,aeltonax@biblegateway.com,Female,65.186.235.30
395,Antin,Illingworth,aillingworthay@yelp.com,Male,86.214.20.168
396,Monroe,Gallegos,mgallegosaz@storify.com,Male,112.96.254.207
397,Coralyn,Anselmi,canselmib0@ibm.com,Female,103.187.161.207
398,Alexander,Peete,apeeteb1@de.vu,Agender,3.204.131.158
399,Arlin,Alonso,aalonsob2@livejournal.com,Polygender,203.220.151.236
400,Teri,Doghartie,tdoghartieb3@thetimes.co.uk,Female,14.109.144.193
401,Luciano,Kemmey,lkemmeyb4@gnu.org,Female,219.13.237.82
402,Andromache,Creer,acreerb5@businesswire.com,Female,176.244.235.23
403,Carlos,Sheridan,csheridanb6@w3.org,Male,75.85.77.4
404,Filmer,Barras,fbarrasb7@yahoo.co.jp,Female,69.43.141.160
405,Matthieu,Niave,mniaveb8@umn.edu,Male,46.229.19.160
406,Stanwood,Miroy,smiroyb9@vkontakte.ru,Male,111.156.153.222
407,Clemmy,Plewman,cplewmanba@google.de,Male,0.55.224.1
408,Mara,Ould,mouldbb@prweb.com,Male,62.212.62.41
409,Vinnie,Kinson,vkinsonbc@wiley.com,Male,17.217.99.69
410,Sheelagh,Balas,sbalasbd@nydailynews.com,Male,244.159.177.198
411,Bryce,Aulsford,baulsfordbe@cnbc.com,Genderqueer,77.208.70.41
412,Aurora,Donne,adonnebf@gizmodo.com,Female,197.41.249.126
413,Susette,Swinburne,sswinburnebg@hp.com,Male,166.10.154.64
414,Celinka,Ayrs,cayrsbh@bigcartel.com,Female,100.11.123.90
415,Ignatius,Speed,ispeedbi@plala.or.jp,Male,180.159.134.72
416,Rainer,Acors,racorsbj@seesaa.net,Male,43.151.70.106
417,Alan,Crannach,acrannachbk@topsy.com,Male,22.204.49.6
418,Elicia,Greenhalf,egreenhalfbl@exblog.jp,Female,234.49.10.21
419,Eliot,Bampfield,ebampfieldbm@skyrock.com,Female,134.204.210.84
420,Peter,Gierardi,pgierardibn@reverbnation.com,Polygender,57.253.228.238
421,Elli,Cruddas,ecruddasbo@apple.com,Male,143.109.158.86
422,Gabriel,Wiffill,gwiffillbp@joomla.org,Polygender,242.10.204.105
423,Tallou,Baldung,tbaldungbq@qq.com,Female,191.83.242.114
424,Allsun,Bizley,abizleybr@gizmodo.com,Female,24.145.214.239
425,Saw,Kinde,skindebs@scribd.com,Female,221.173.95.245
426,Janka,Patershall,jpatershallbt@google.com,Male,78.114.30.90
427,Ewell,Zecchetti,ezecchettibu@furl.net,Female,122.237.187.110
428,Brandie,Yurlov,byurlovbv@google.com.hk,Female,145.253.33.79
429,Audrye,Doding,adodingbw@icq.com,Female,242.189.44.56
430,Lambert,Thynn,lthynnbx@t-online.de,Male,185.237.203.235
431,Roseanne,Ellingworth,rellingworthby@google.com.hk,Male,97.132.30.56
432,Milton,Weathey,mweatheybz@tripadvisor.com,Male,150.127.79.186
433,Ravid,Discombe,rdiscombec0@taobao.com,Female,149.119.87.127
434,Alameda,Shorrock,ashorrockc1@dropbox.com,Female,103.8.223.37
435,Bobbye,Brands,bbrandsc2@dagondesign.com,Female,138.183.172.12
436,Hollie,Leggitt,hleggittc3@sakura.ne.jp,Male,207.76.76.197
437,Eziechiele,Cowperthwaite,ecowperthwaitec4@arstechnica.com,Polygender,34.244.37.25
438,Tess,Grover,tgroverc5@cam.ac.uk,Genderqueer,139.36.205.50
439,Georgiana,Drayton,gdraytonc6@friendfeed.com,Male,127.93.180.66
440,Valentino,Kyncl,vkynclc7@4shared.com,Male,51.227.216.9
441,Rayner,Cronin,rcroninc8@nbcnews.com,Female,32.78.64.52
442,Zackariah,Boram,zboramc9@wisc.edu,Female,160.237.255.173
443,Baillie,Normabell,bnormabellca@drupal.org,Polygender,17.89.41.158
444,Bria,Tidmarsh,btidmarshcb@spiegel.de,Female,181.27.102.177
445,Lamond,Larrett,llarrettcc@earthlink.net,Female,56.134.43.146
446,Gabey,Jestico,gjesticocd@liveinternet.ru,Non-binary,234.57.155.105
447,Steffane,Mouser,smouserce@ocn.ne.jp,Genderfluid,70.52.122.224
448,Fianna,Stealy,fstealycf@canalblog.com,Female,170.82.101.44
449,Tremayne,Water,twatercg@adobe.com,Female,153.92.43.28
450,Kyle,McKag,kmckagch@usnews.com,Male,191.176.172.34
451,Leif,Coltman,lcoltmanci@51.la,Male,49.24.254.186
452,Farica,Wreath,fwreathcj@gmpg.org,Agender,209.153.136.201
453,Petronilla,Kincla,pkinclack@mapy.cz,Male,206.234.117.123
454,Maxy,Gonzalvo,mgonzalvocl@a8.net,Female,56.241.221.18
455,Kimmy,Wein,kweincm@icq.com,Male,143.48.179.72
456,Perla,Bartle,pbartlecn@imdb.com,Male,65.220.245.55
457,Moina,Selway,mselwayco@github.com,Female,209.41.79.99
458,Durant,Cumber,dcumbercp@123-reg.co.uk,Genderqueer,130.151.56.21
459,Anna,Henkens,ahenkenscq@adobe.com,Female,169.118.85.55
460,Berta,Divis,bdiviscr@youtube.com,Male,177.195.198.26
461,Hew,Phettiplace,hphettiplacecs@1und1.de,Male,166.6.65.181
462,Elladine,Youens,eyouensct@yale.edu,Female,42.29.28.231
463,Sean,Sedwick,ssedwickcu@walmart.com,Male,135.234.214.122
464,Wallace,Nowak,wnowakcv@freewebs.com,Male,17.208.203.231
465,Berni,Mea,bmeacw@ihg.com,Female,244.199.185.223
466,Myca,Sawley,msawleycx@skype.com,Female,25.108.77.11
467,Ilyse,McAnellye,imcanellyecy@slideshare.net,Female,222.140.182.202
468,Devora,Broseman,dbrosemancz@over-blog.com,Male,104.229.3.173
469,Sigvard,Sheehy,ssheehyd0@apple.com,Male,107.115.116.12
470,Elliott,Sheekey,esheekeyd1@symantec.com,Female,135.189.132.203
471,Lyndsay,Willisch,lwillischd2@kickstarter.com,Male,134.171.185.156
472,Derek,Gosnay,dgosnayd3@who.int,Female,193.110.104.76
473,Gilberta,Adiscot,gadiscotd4@google.es,Female,29.18.126.152
474,Alfie,Burman,aburmand5@npr.org,Female,199.73.237.65
475,Haywood,Diss,hdissd6@shutterfly.com,Male,136.84.136.130
476,Braden,Winthrop,bwinthropd7@paypal.com,Bigender,121.243.36.83
477,Isabel,Hatfield,ihatfieldd8@tinypic.com,Male,238.215.27.30
478,Mickie,Spedroni,mspedronid9@springer.com,Male,211.106.11.189
479,Ameline,Ayce,aayceda@prlog.org,Male,58.228.172.191
480,Robin,Motherwell,rmotherwelldb@cdbaby.com,Female,230.42.140.9
481,Marie,LAbbet,mlabbetdc@amazon.co.jp,Female,41.64.164.117
482,Lissi,Comber,lcomberdd@gmpg.org,Male,12.67.34.228
483,Orrin,Moulin,omoulinde@umich.edu,Female,188.239.169.43
484,Gretel,Rupp,gruppdf@hibu.com,Male,53.156.184.37
485,Madeleine,Strickler,mstricklerdg@sakura.ne.jp,Male,71.35.107.115
486,Don,Perrat,dperratdh@dropbox.com,Genderfluid,177.73.99.114
487,Guilbert,Haseman,ghasemandi@deviantart.com,Male,241.170.234.22
488,Carter,Ortas,cortasdj@google.com.au,Male,122.161.186.25
489,Rubia,Gercken,rgerckendk@sun.com,Female,229.55.210.18
490,Sari,Sifleet,ssifleetdl@stumbleupon.com,Male,169.199.164.164
491,Ephrem,Pountney,epountneydm@dailymail.co.uk,Male,224.199.125.149
492,Salvador,Geany,sgeanydn@desdev.cn,Male,57.120.212.76
493,Rosalyn,Plant,rplantdo@sbwire.com,Female,27.202.222.133
494,Padgett,Kliment,pklimentdp@cocolog-nifty.com,Female,45.117.90.196
495,Elly,Manson,emansondq@people.com.cn,Male,129.226.29.242
496,Travers,Arnau,tarnaudr@google.es,Female,96.45.48.42
497,Twila,Yurin,tyurinds@squidoo.com,Male,183.28.12.51
498,Von,Zimmer,vzimmerdt@blinklist.com,Male,214.252.120.135
499,Ingamar,Greenroad,igreenroaddu@hibu.com,Polygender,143.52.28.45
500,Law,Matheson,lmathesondv@imdb.com,Female,100.3.129.68
501,Walliw,Innocent,winnocentdw@yahoo.com,Male,100.201.47.208
502,Worden,Dovinson,wdovinsondx@google.ca,Male,102.242.61.95
503,Retha,Vanichev,rvanichevdy@eventbrite.com,Female,175.64.28.79
504,Normy,Hurrell,nhurrelldz@harvard.edu,Female,226.196.225.64
505,Jakie,Cammock,jcammocke0@guardian.co.uk,Female,103.179.86.97
506,Phyllida,Baskwell,pbaskwelle1@huffingtonpost.com,Female,138.152.41.14
507,Peyton,Searight,psearighte2@macromedia.com,Female,130.100.84.212
508,Oliviero,Moen,omoene3@newsvine.com,Male,194.218.139.176
509,Anetta,Molyneux,amolyneuxe4@auda.org.au,Male,25.237.244.113
510,Brittani,Diggons,bdiggonse5@shutterfly.com,Female,62.149.15.117
511,Guendolen,Larkkem,glarkkeme6@washingtonpost.com,Female,72.2.209.209
512,Yvor,Byng,ybynge7@comsenz.com,Male,78.167.40.148
513,Dagmar,Seyffert,dseyfferte8@shinystat.com,Female,155.113.25.208
514,Lettie,Service,lservicee9@google.ru,Female,253.130.158.172
515,Loralee,Tapper,ltapperea@ifeng.com,Genderfluid,231.40.213.75
516,Marian,Dennerly,mdennerlyeb@fc2.com,Female,27.249.129.87
517,Clea,Vorley,cvorleyec@biglobe.ne.jp,Male,235.109.238.31
518,Carlos,Seakin,cseakined@cisco.com,Non-binary,12.240.64.153
519,Jourdain,Rainsbury,jrainsburyee@t-online.de,Female,42.197.153.128
520,Leigha,Blower,lbloweref@cbsnews.com,Male,214.126.211.43
521,Melisenda,Cornier,mcorniereg@ucoz.ru,Male,47.145.58.27
522,Tomasine,Matuskiewicz,tmatuskiewiczeh@berkeley.edu,Female,87.3.61.218
523,Shannon,Brayn,sbraynei@nature.com,Male,172.177.95.255
524,Jonah,Sandlin,jsandlinej@zdnet.com,Male,99.221.56.235
525,Avie,Jentet,ajentetek@google.com,Female,31.54.184.157
526,Eachelle,Medling,emedlingel@deviantart.com,Agender,43.56.84.4
527,Corrie,McShea,cmcsheaem@addtoany.com,Non-binary,175.83.213.141
528,Fidelity,Futcher,ffutcheren@deviantart.com,Male,65.168.93.115
529,Christy,Enriques,cenriqueseo@hubpages.com,Female,194.188.185.72
530,Cammy,Maymond,cmaymondep@163.com,Male,28.131.181.173
531,Christoffer,Kitteridge,ckitteridgeeq@seesaa.net,Male,160.59.25.145
532,Barbee,Baudic,bbaudicer@patch.com,Genderfluid,99.88.45.151
533,Jenica,Halliberton,jhallibertones@amazon.co.uk,Female,58.95.133.5
534,Lesley,Western,lwesternet@biglobe.ne.jp,Female,169.16.80.193
535,Rebecca,Coltart,rcoltarteu@gov.uk,Female,5.101.93.64
536,Sabra,Girt,sgirtev@xrea.com,Male,161.82.232.126
537,Corinne,Baxstare,cbaxstareew@nydailynews.com,Male,162.226.110.97
538,Dom,Tatum,dtatumex@lulu.com,Agender,103.149.207.103
539,Milo,Pottes,mpottesey@trellian.com,Female,203.68.131.9
540,Timmie,Mecozzi,tmecozziez@ibm.com,Male,143.51.239.194
541,Mignon,Sherrard,msherrardf0@icio.us,Female,13.112.44.233
542,Rip,Bourtoumieux,rbourtoumieuxf1@discuz.net,Female,194.115.167.197
543,Aridatha,MacNish,amacnishf2@craigslist.org,Male,54.123.160.27
544,Iormina,Gilbody,igilbodyf3@cnet.com,Male,139.220.192.183
545,Maible,Cullabine,mcullabinef4@skype.com,Male,5.179.125.26
546,Gonzales,Crummay,gcrummayf5@ameblo.jp,Female,250.180.109.26
547,Rose,Veschambre,rveschambref6@jugem.jp,Male,96.180.20.255
548,Mechelle,Pechard,mpechardf7@canalblog.com,Female,105.150.82.57
549,Randell,Coxhell,rcoxhellf8@mtv.com,Female,156.226.221.154
550,Rivkah,Zuanazzi,rzuanazzif9@archive.org,Female,93.63.87.248
551,Hyacinthe,Goulder,hgoulderfa@blog.com,Male,176.231.60.67
552,Fallon,Lacky,flackyfb@ehow.com,Male,89.43.176.250
553,Bengt,Magovern,bmagovernfc@cisco.com,Male,45.126.180.249
554,Mira,Sier,msierfd@reference.com,Male,146.74.96.65
555,Errick,Lorek,elorekfe@dion.ne.jp,Female,26.138.38.182
556,Thedric,Baly,tbalyff@goo.ne.jp,Female,194.109.213.58
557,Lindsay,Waskett,lwaskettfg@yellowbook.com,Female,176.216.74.233
558,Terry,Casterou,tcasteroufh@shop-pro.jp,Male,124.56.19.35
559,Roanne,Brittain,rbrittainfi@blogger.com,Male,241.82.81.43
560,Dorey,Ferneyhough,dferneyhoughfj@accuweather.com,Female,146.85.248.212
561,Adiana,Dudbridge,adudbridgefk@163.com,Male,163.70.151.41
562,Jenifer,Pinar,jpinarfl@ox.ac.uk,Female,95.182.196.245
563,Loretta,Bramich,lbramichfm@irs.gov,Female,175.6.181.62
564,Gloriana,Andrault,gandraultfn@gnu.org,Female,34.174.135.139
565,Merna,Abbiss,mabbissfo@posterous.com,Female,210.83.91.147
566,Pearle,Napier,pnapierfp@google.it,Female,97.60.116.1
567,Ingra,Ricardin,iricardinfq@cisco.com,Male,190.236.125.41
568,Julio,Orwin,jorwinfr@japanpost.jp,Bigender,239.171.34.76
569,Kora,Preece,kpreecefs@wufoo.com,Male,242.171.244.6
570,Aristotle,Feathers,afeathersft@diigo.com,Male,225.115.142.10
571,Cristobal,Iley,cileyfu@icio.us,Male,154.72.128.147
572,Mattias,MacGahey,mmacgaheyfv@pagesperso-orange.fr,Male,157.54.143.186
573,Lalo,Slimm,lslimmfw@ask.com,Female,134.192.62.166
574,Risa,Unstead,runsteadfx@sphinn.com,Male,112.210.32.97
575,Carter,Brookbank,cbrookbankfy@time.com,Female,156.122.176.132
576,Camala,Rustan,crustanfz@tuttocitta.it,Male,89.57.208.63
577,Lacy,Shalliker,lshallikerg0@instagram.com,Male,211.81.22.255
578,Pooh,Pilpovic,ppilpovicg1@ycombinator.com,Male,60.168.31.83
579,Freddy,Colliver,fcolliverg2@friendfeed.com,Female,175.103.147.75
580,Agathe,Rubinivitz,arubinivitzg3@sina.com.cn,Agender,82.126.96.26
581,Hunfredo,Messager,hmessagerg4@amazon.de,Polygender,47.96.171.234
582,Daffie,Rous,drousg5@msu.edu,Female,114.165.183.29
583,Dulcie,Sorsbie,dsorsbieg6@symantec.com,Male,64.187.88.126
584,Yancey,Leaming,yleamingg7@chicagotribune.com,Male,29.102.189.22
585,Stefanie,Kielty,skieltyg8@ftc.gov,Female,237.191.91.250
586,Huntlee,Titman,htitmang9@jugem.jp,Female,119.45.6.36
587,Andee,Hegerty,ahegertyga@jimdo.com,Male,216.157.64.76
588,Burty,Preshous,bpreshousgb@about.me,Female,73.177.29.144
589,Ray,Patroni,rpatronigc@pbs.org,Female,4.167.72.250
590,Ode,Haukey,ohaukeygd@hubpages.com,Female,35.187.93.35
591,Helenka,Dawkes,hdawkesge@vistaprint.com,Female,218.174.164.241
592,Richard,Iglesia,riglesiagf@hugedomains.com,Male,173.45.179.232
593,Talyah,Lahrs,tlahrsgg@skype.com,Male,164.95.194.4
594,Jaimie,Bather,jbathergh@cornell.edu,Bigender,69.222.116.73
595,Frances,Orneblow,forneblowgi@paginegialle.it,Male,161.41.2.156
596,Ernestus,Riddlesden,eriddlesdengj@friendfeed.com,Polygender,206.126.51.82
597,Cati,Greson,cgresongk@elpais.com,Female,107.121.237.208
598,Etan,Ive,eivegl@seattletimes.com,Female,149.122.238.100
599,Bobina,Gellibrand,bgellibrandgm@hubpages.com,Male,86.146.206.52
600,Mychal,Blakes,mblakesgn@hud.gov,Male,157.242.193.199
601,Shellie,Flowith,sflowithgo@samsung.com,Female,113.33.81.88
602,Alexandre,Bonass,abonassgp@bing.com,Agender,153.189.207.57
603,Lorrin,Dudeney,ldudeneygq@alibaba.com,Female,168.6.54.46
604,Denni,Lubomirski,dlubomirskigr@hibu.com,Male,15.93.217.4
605,Chauncey,Faragan,cfaragangs@vkontakte.ru,Female,99.142.221.183
606,Juliet,Fante,jfantegt@ask.com,Male,203.43.68.99
607,Sibeal,Kitchinghan,skitchinghangu@ocn.ne.jp,Female,63.44.222.132
608,Opalina,Deeson,odeesongv@weather.com,Female,224.222.12.249
609,Tommy,Playle,tplaylegw@youtube.com,Male,253.229.84.185
610,Moise,Brogiotti,mbrogiottigx@ustream.tv,Female,158.39.175.101
611,Craggie,Brager,cbragergy@paginegialle.it,Male,231.246.122.181
612,Stanford,Cowland,scowlandgz@homestead.com,Agender,168.181.87.214
613,Roseanne,Fearne,rfearneh0@blogtalkradio.com,Male,47.84.30.30
614,Marla,Qualtro,mqualtroh1@nydailynews.com,Female,153.2.188.66
615,Ward,Anger,wangerh2@tumblr.com,Polygender,176.140.163.53
616,Kirstyn,Izen,kizenh3@google.cn,Female,0.126.42.148
617,Ayn,Fargie,afargieh4@sun.com,Female,141.228.246.177
618,Keelia,Aim,kaimh5@thetimes.co.uk,Male,123.251.2.164
619,Ches,Bulford,cbulfordh6@shop-pro.jp,Male,80.103.171.182
620,Jody,Goold,jgooldh7@cisco.com,Male,110.163.24.156
621,Livvy,Menier,lmenierh8@scientificamerican.com,Genderqueer,6.27.96.70
622,Christean,Greguol,cgreguolh9@mtv.com,Genderfluid,151.115.99.207
623,Jessalin,Garbott,jgarbottha@engadget.com,Male,241.190.213.129
624,Adrianna,Loiterton,aloitertonhb@meetup.com,Bigender,11.193.79.57
625,Carleen,Pullen,cpullenhc@cdc.gov,Male,91.15.17.207
626,Tripp,Adlam,tadlamhd@amazon.co.jp,Male,202.109.232.223
627,Cherlyn,Cahalan,ccahalanhe@pinterest.com,Female,107.76.254.193
628,Cale,Wilmot,cwilmothf@wiley.com,Non-binary,164.24.10.239
629,Helga,Mackness,hmacknesshg@eepurl.com,Male,146.41.0.241
630,Carmela,Josefsen,cjosefsenhh@ibm.com,Male,139.243.131.98
631,Susanetta,Proswell,sproswellhi@fotki.com,Female,74.68.162.10
632,Fabien,Axcel,faxcelhj@biglobe.ne.jp,Male,5.122.150.191
633,Helyn,Mobley,hmobleyhk@arstechnica.com,Male,81.101.119.91
634,Angel,Jaqueme,ajaquemehl@samsung.com,Female,227.182.218.149
635,Alla,Petre,apetrehm@pbs.org,Male,13.222.198.131
636,Jackie,Scaice,jscaicehn@bbb.org,Male,17.166.179.248
637,Wilie,Czaja,wczajaho@amazon.co.uk,Female,181.227.124.48
638,Heda,Carney,hcarneyhp@yale.edu,Female,124.243.56.155
639,Kingsly,Silverson,ksilversonhq@loc.gov,Male,224.138.167.68
640,Mahalia,Routham,mrouthamhr@hubpages.com,Male,42.242.197.40
641,Leanor,MacRorie,lmacroriehs@ihg.com,Male,195.121.157.34
642,Umberto,Klees,ukleesht@cargocollective.com,Female,53.181.143.128
643,Meggi,Hackwell,mhackwellhu@etsy.com,Male,231.2.249.121
644,Meade,Filippucci,mfilippuccihv@oracle.com,Non-binary,98.138.109.90
645,Wolf,Bardey,wbardeyhw@tripadvisor.com,Male,253.151.47.158
646,Lissa,Good,lgoodhx@amazon.co.uk,Female,75.28.226.149
647,Aileen,Yon,ayonhy@blogs.com,Genderfluid,89.205.56.11
648,Codee,Cluderay,ccluderayhz@mediafire.com,Agender,9.171.48.45
649,Dierdre,Fitchell,dfitchelli0@opensource.org,Polygender,5.86.143.232
650,Catharina,Littledike,clittledikei1@va.gov,Male,160.113.177.136
651,Liam,Tunno,ltunnoi2@bloomberg.com,Female,250.206.6.108
652,Yul,Dudek,ydudeki3@taobao.com,Male,140.132.58.82
653,Myca,Dahill,mdahilli4@free.fr,Female,37.151.11.220
654,Dicky,Grisewood,dgrisewoodi5@wufoo.com,Female,88.122.114.123
655,Linzy,Kingsnode,lkingsnodei6@ed.gov,Female,169.40.103.77
656,Minnaminnie,Rosebotham,mrosebothami7@furl.net,Female,184.75.38.155
657,Ericha,Sworder,esworderi8@amazon.de,Female,158.198.75.185
658,Giordano,Scarsbrooke,gscarsbrookei9@sbwire.com,Agender,11.181.203.110
659,Sydelle,Portam,sportamia@patch.com,Male,182.61.78.86
660,Hurley,Buxsey,hbuxseyib@apple.com,Female,85.45.90.27
661,Melba,Posten,mpostenic@macromedia.com,Male,255.106.232.243
662,Lowe,Knightly,lknightlyid@sakura.ne.jp,Male,34.146.63.89
663,Adele,Beasant,abeasantie@sfgate.com,Female,227.119.252.139
664,Anabel,Wixey,awixeyif@purevolume.com,Agender,165.149.176.116
665,Desirae,Cockran,dcockranig@prweb.com,Male,220.165.96.112
666,Hort,Keher,hkeherih@wsj.com,Male,211.71.79.221
667,Georgeanne,Poure,gpoureii@spiegel.de,Male,82.215.231.226
668,Kippie,Lowfill,klowfillij@loc.gov,Female,27.74.40.3
669,Amargo,Killshaw,akillshawik@ibm.com,Male,43.209.190.121
670,Pepe,Kennagh,pkennaghil@comsenz.com,Male,207.118.134.179
671,Becky,Cloney,bcloneyim@smh.com.au,Male,146.211.134.67
672,Edi,Mendonca,emendoncain@marriott.com,Male,215.90.209.24
673,Marcella,Padrick,mpadrickio@cloudflare.com,Female,136.227.246.159
674,Aluin,Weatherburn,aweatherburnip@craigslist.org,Male,189.126.41.52
675,Reid,Ferneyhough,rferneyhoughiq@godaddy.com,Male,213.67.46.203
676,Krystalle,Carrane,kcarraneir@cdbaby.com,Female,109.4.117.118
677,Stanislaw,Graysmark,sgraysmarkis@hhs.gov,Female,190.124.24.100
678,Guthrey,Quarry,gquarryit@histats.com,Female,179.174.238.168
679,Ogdan,Gowrie,ogowrieiu@jimdo.com,Female,156.148.142.78
680,Rosina,Yesipov,ryesipoviv@bing.com,Male,73.1.122.23
681,Theodosia,Musico,tmusicoiw@yandex.ru,Male,185.178.40.89
682,Marcellus,Indruch,mindruchix@va.gov,Male,252.222.176.193
683,Emmalee,Petken,epetkeniy@yale.edu,Female,67.80.63.235
684,Cacilie,Klossmann,cklossmanniz@rediff.com,Male,43.105.254.11
685,Joseito,Sparrowhawk,jsparrowhawkj0@pcworld.com,Male,12.206.170.90
686,Moritz,Carmont,mcarmontj1@w3.org,Female,89.184.155.108
687,Theresa,McLinden,tmclindenj2@netlog.com,Female,134.3.143.40
688,Thibaud,Yuryichev,tyuryichevj3@wix.com,Female,242.217.115.42
689,Brunhilda,Farra,bfarraj4@booking.com,Female,222.98.187.141
690,Giralda,Renac,grenacj5@flavors.me,Female,201.21.229.32
691,Kailey,Guidone,kguidonej6@noaa.gov,Female,248.173.170.7
692,Sharai,Lovel,slovelj7@wp.com,Female,209.11.31.0
693,Eugine,Wheeler,ewheelerj8@unblog.fr,Female,165.171.240.0
694,Hyacinthe,MacGill,hmacgillj9@ftc.gov,Male,180.239.179.211
695,Graehme,Crewther,gcrewtherja@bigcartel.com,Male,19.10.242.113
696,Candie,Kleinplac,ckleinplacjb@umich.edu,Male,72.67.6.235
697,Amory,Dmitr,admitrjc@google.co.uk,Female,202.154.117.33
698,Romona,Franzonello,rfranzonellojd@icio.us,Female,55.188.221.99
699,Lulita,Scarratt,lscarrattje@vkontakte.ru,Female,37.104.192.139
700,Chrissy,Scurry,cscurryjf@multiply.com,Female,185.245.163.172
701,Valli,Ruppel,vruppeljg@clickbank.net,Male,113.222.155.157
702,Hort,Tales,htalesjh@opera.com,Male,40.243.128.74
703,Dermot,Korba,dkorbaji@webs.com,Male,40.166.136.255
704,Tonia,Varty,tvartyjj@geocities.jp,Female,128.251.200.228
705,Orrin,O'Scanlan,ooscanlanjk@ucsd.edu,Female,172.213.251.69
706,Michelina,Dennant,mdennantjl@vinaora.com,Male,119.198.217.189
707,Reggie,Runcie,rrunciejm@marriott.com,Male,255.94.235.64
708,Randolf,Dalman,rdalmanjn@trellian.com,Male,170.225.85.85
709,Sherlocke,Tangye,stangyejo@plala.or.jp,Female,191.55.201.69
710,Carry,Tudbald,ctudbaldjp@washington.edu,Male,101.138.34.95
711,Guss,Oxshott,goxshottjq@house.gov,Male,60.25.79.177
712,Kristopher,MacPeice,kmacpeicejr@nifty.com,Female,218.115.143.203
713,Ange,Jurkiewicz,ajurkiewiczjs@prlog.org,Female,116.17.214.160
714,Federica,Greveson,fgrevesonjt@hugedomains.com,Male,165.128.146.183
715,Alissa,Tomaszczyk,atomaszczykju@businessinsider.com,Female,216.40.18.150
716,Evin,Meaders,emeadersjv@ocn.ne.jp,Female,242.125.33.145
717,Pietra,Willingam,pwillingamjw@blog.com,Male,149.124.204.52
718,Rubin,Altree,raltreejx@pcworld.com,Female,114.183.88.5
719,Kenna,Kira,kkirajy@wisc.edu,Male,207.173.47.66
720,Eleanora,Gethouse,egethousejz@digg.com,Female,159.73.255.30
721,Christy,Fernihough,cfernihoughk0@hud.gov,Male,60.164.22.92
722,Ira,Marunchak,imarunchakk1@sciencedirect.com,Male,25.220.68.142
723,Orland,Brearton,obreartonk2@theatlantic.com,Bigender,127.101.237.158
724,Ramon,McCarry,rmccarryk3@howstuffworks.com,Male,27.253.115.190
725,Giles,Loveitt,gloveittk4@mediafire.com,Female,39.209.71.112
726,Adlai,Loche,alochek5@etsy.com,Female,43.137.156.151
727,Arline,Raithby,araithbyk6@soundcloud.com,Female,221.79.174.231
728,Catlin,Bonds,cbondsk7@hubpages.com,Female,14.242.230.150
729,Urbanus,Gottelier,ugottelierk8@mapquest.com,Genderqueer,209.234.36.77
730,Meggie,Coot,mcootk9@infoseek.co.jp,Male,3.49.179.151
731,Ruthann,Griffe,rgriffeka@blogger.com,Female,237.188.49.9
732,Marcelo,Sobtka,msobtkakb@smh.com.au,Male,113.228.33.49
733,Kristine,Apark,kaparkkc@ebay.com,Male,251.133.220.203
734,Constantine,Quipp,cquippkd@dedecms.com,Female,149.121.40.215
735,Merill,Vedmore,mvedmoreke@geocities.com,Female,69.109.37.183
736,Vallie,Marchment,vmarchmentkf@twitpic.com,Male,199.90.159.168
737,Teddi,Corker,tcorkerkg@altervista.org,Female,25.47.61.68
738,Almire,Healey,ahealeykh@phpbb.com,Female,107.64.183.238
739,Robbie,Jellybrand,rjellybrandki@wp.com,Female,24.120.202.37
740,Gerry,Cheeke,gcheekekj@lycos.com,Male,111.124.126.114
741,Theresita,Coomber,tcoomberkk@xing.com,Male,84.54.253.215
742,Casper,Siemandl,csiemandlkl@barnesandnoble.com,Female,210.209.146.116
743,Sharl,Kmiec,skmieckm@bloglines.com,Male,122.187.133.57
744,Kylila,Kinneir,kkinneirkn@mysql.com,Male,131.218.24.146
745,Cecilia,O'Spillane,cospillaneko@fotki.com,Male,242.90.101.248
746,Courtney,Leschelle,cleschellekp@japanpost.jp,Female,229.206.13.17
747,Angil,Lapsley,alapsleykq@cnbc.com,Non-binary,192.230.114.108
748,Clerc,Dymidowski,cdymidowskikr@usgs.gov,Female,71.244.191.237
749,Kenna,Duffan,kduffanks@cdc.gov,Male,177.143.247.17
750,Erma,Meeke,emeekekt@blinklist.com,Genderqueer,123.54.234.194
751,Kimberli,Gabe,kgabeku@nytimes.com,Male,135.227.125.129
752,Tamar,Conichie,tconichiekv@nyu.edu,Male,126.23.208.161
753,Cort,Matussevich,cmatussevichkw@w3.org,Female,184.209.116.121
754,Jody,Tomlett,jtomlettkx@amazon.com,Female,182.140.73.6
755,Janeva,Mosson,jmossonky@army.mil,Male,67.11.92.115
756,Derwin,Clynter,dclynterkz@springer.com,Male,89.206.125.119
757,Corilla,Bernhardi,cbernhardil0@nhs.uk,Male,149.204.42.93
758,Alfonse,Lasty,alastyl1@cbc.ca,Male,136.31.137.143
759,Frazer,Cawthorn,fcawthornl2@twitter.com,Male,142.247.198.61
760,Urban,Mertgen,umertgenl3@deviantart.com,Female,69.29.110.178
761,Xena,Burnapp,xburnappl4@spotify.com,Male,78.249.43.203
762,Tailor,Chazette,tchazettel5@prnewswire.com,Non-binary,219.100.223.132
763,Les,Madle,lmadlel6@omniture.com,Male,37.130.133.152
764,Alyssa,Blaksley,ablaksleyl7@nytimes.com,Female,200.14.214.59
765,Agnella,Patshull,apatshulll8@macromedia.com,Female,15.140.173.63
766,Courtnay,Wadhams,cwadhamsl9@zimbio.com,Female,78.107.137.145
767,Gizela,Hebbes,ghebbesla@godaddy.com,Male,17.252.196.70
768,Rosette,Pyffe,rpyffelb@upenn.edu,Male,246.20.100.241
769,Kizzee,Ruberry,kruberrylc@tinyurl.com,Female,155.157.63.0
770,Bartie,Meace,bmeaceld@altervista.org,Female,66.228.105.193
771,Garrot,Farragher,gfarragherle@toplist.cz,Female,121.216.82.156
772,Riccardo,Seeks,rseekslf@tamu.edu,Male,179.144.217.77
773,Aksel,Mechan,amechanlg@virginia.edu,Male,156.39.108.200
774,Fianna,Janek,fjaneklh@omniture.com,Genderfluid,80.130.184.144
775,Cale,Clemmey,cclemmeyli@feedburner.com,Male,222.138.111.47
776,Celinda,McKinnon,cmckinnonlj@opera.com,Female,243.50.225.183
777,Gabriela,Glanders,gglanderslk@sakura.ne.jp,Polygender,74.24.164.166
778,Pen,Gravenor,pgravenorll@comsenz.com,Polygender,141.148.109.179
779,Eilis,Orum,eorumlm@hao123.com,Female,19.66.212.12
780,Mahalia,Sutherington,msutheringtonln@mtv.com,Male,72.228.134.69
781,Shem,Beecham,sbeechamlo@google.ca,Female,128.225.199.10
782,Finley,Curner,fcurnerlp@mlb.com,Female,0.143.64.198
783,Nettie,Legh,nleghlq@usa.gov,Male,115.108.48.254
784,Ellen,Milton,emiltonlr@dell.com,Bigender,56.6.143.69
785,Diahann,Mariolle,dmariollels@vistaprint.com,Male,186.49.182.53
786,Pearce,Arran,parranlt@wufoo.com,Non-binary,1.201.140.181
787,Carina,Noquet,cnoquetlu@goo.ne.jp,Male,191.27.217.166
788,Melissa,Blais,mblaislv@seesaa.net,Female,21.19.236.98
789,Junia,Worral,jworrallw@ocn.ne.jp,Female,39.27.236.10
790,Emmalynne,McAughtrie,emcaughtrielx@instagram.com,Male,200.231.95.114
791,Cully,Byfford,cbyffordly@cnn.com,Genderfluid,104.72.169.112
792,Ferdinande,Brugmann,fbrugmannlz@google.com.au,Male,213.178.24.14
793,Brock,Ohms,bohmsm0@sbwire.com,Male,49.215.9.8
794,Nickie,O'Kuddyhy,nokuddyhym1@sogou.com,Male,188.197.12.78
795,Enoch,Kleinberer,ekleinbererm2@auda.org.au,Female,248.203.66.98
796,Pernell,Bulbrook,pbulbrookm3@tinyurl.com,Male,251.137.28.102
797,Dayle,Fer,dferm4@ftc.gov,Male,71.34.48.11
798,Fairfax,Sarney,fsarneym5@telegraph.co.uk,Female,118.133.160.39
799,Tammy,Packe,tpackem6@apache.org,Non-binary,57.170.3.121
800,Freddie,Gladden,fgladdenm7@odnoklassniki.ru,Female,89.242.232.85
801,Kyrstin,Toop,ktoopm8@example.com,Male,254.195.107.216
802,Michaella,McDermot,mmcdermotm9@sbwire.com,Male,183.29.213.192
803,Melitta,Salvadori,msalvadorima@printfriendly.com,Female,0.102.140.215
804,Fletcher,Skeermor,fskeermormb@google.pl,Non-binary,220.72.127.226
805,Dimitri,Edgson,dedgsonmc@tmall.com,Female,145.13.43.46
806,Stanfield,Limbrick,slimbrickmd@mail.ru,Male,237.15.252.86
807,Dixie,Southern,dsouthernme@comsenz.com,Male,94.181.150.53
808,Molly,Claxson,mclaxsonmf@imgur.com,Female,182.191.252.135
809,Ginnie,Ruler,grulermg@tiny.cc,Female,105.250.73.30
810,Ernaline,Liepina,eliepinamh@soup.io,Female,197.153.18.116
811,Corinne,Serrier,cserriermi@linkedin.com,Female,162.70.212.14
812,Lilah,Delgadillo,ldelgadillomj@psu.edu,Male,106.115.239.231
813,Sarajane,Di Antonio,sdiantoniomk@ft.com,Male,119.156.70.172
814,Adler,Dawtrey,adawtreyml@walmart.com,Male,219.76.170.29
815,Nora,Gillyatt,ngillyattmm@gizmodo.com,Male,236.176.73.0
816,Theda,Ropking,tropkingmn@fc2.com,Male,162.75.211.183
817,Demetria,Thorrington,dthorringtonmo@about.me,Male,181.41.48.108
818,Cesya,Van Giffen,cvangiffenmp@mysql.com,Female,153.231.238.124
819,Leonora,Baytrop,lbaytropmq@amazon.co.uk,Female,128.73.25.90
820,Blinnie,Potapczuk,bpotapczukmr@hc360.com,Female,61.221.190.176
821,Dee,Lovitt,dlovittms@wisc.edu,Polygender,170.64.232.224
822,Claudelle,Rudsdell,crudsdellmt@indiatimes.com,Female,206.135.170.186
823,Ban,Southerill,bsoutherillmu@eventbrite.com,Female,95.61.105.106
824,Zak,O'Doghesty,zodoghestymv@youtube.com,Female,111.47.123.92
825,Ofilia,Francesconi,ofrancesconimw@pinterest.com,Female,211.207.1.231
826,Chad,Satterly,csatterlymx@techcrunch.com,Male,187.167.148.200
827,Brana,Trobridge,btrobridgemy@auda.org.au,Female,87.158.63.86
828,Ingaberg,Jodrelle,ijodrellemz@dailymotion.com,Male,3.191.176.39
829,Hilary,Muncey,hmunceyn0@mozilla.com,Female,211.117.11.91
830,Tyne,McFall,tmcfalln1@deviantart.com,Genderfluid,82.45.29.213
831,Bernadine,Paver,bpavern2@mlb.com,Male,157.128.44.234
832,Leonelle,Marsters,lmarstersn3@google.com.au,Male,211.179.35.11
833,Leyla,Peters,lpetersn4@shop-pro.jp,Male,123.54.246.126
834,Rikki,Sowman,rsowmann5@mozilla.com,Female,230.243.18.107
835,Rosaleen,Holston,rholstonn6@163.com,Male,1.63.80.214
836,Imojean,Balkwill,ibalkwilln7@hexun.com,Male,89.200.113.104
837,Bob,Antoszewski,bantoszewskin8@tumblr.com,Female,152.218.77.136
838,Filberto,Cohalan,fcohalann9@bandcamp.com,Female,63.98.242.101
839,Christian,Hopewell,chopewellna@cdc.gov,Female,143.132.85.123
840,Kathy,Shevlan,kshevlannb@cnbc.com,Male,78.139.217.213
841,Britt,Goude,bgoudenc@skyrock.com,Female,120.151.117.203
842,Waylan,Baptiste,wbaptistend@nhs.uk,Non-binary,219.70.20.14
843,Rolf,Apedaile,rapedailene@blogspot.com,Female,63.110.137.255
844,Deck,Bothwell,dbothwellnf@europa.eu,Female,26.203.30.86
845,Llewellyn,Norcop,lnorcopng@i2i.jp,Female,78.246.90.47
846,Beatriz,Skipping,bskippingnh@statcounter.com,Female,184.82.175.226
847,Jackqueline,Whale,jwhaleni@squidoo.com,Female,19.159.32.213
848,Gwennie,Willcocks,gwillcocksnj@google.pl,Female,79.115.115.77
849,Bili,Flook,bflooknk@army.mil,Male,169.208.233.48
850,Gennie,Jowers,gjowersnl@eepurl.com,Female,44.136.21.31
851,Kellen,Berk,kberknm@freewebs.com,Female,157.105.161.209
852,Brig,Bodega,bbodegann@blogspot.com,Female,170.174.84.110
853,Hedy,Fillis,hfillisno@over-blog.com,Female,71.139.154.14
854,Celina,Pattini,cpattininp@nydailynews.com,Female,133.70.236.56
855,Wynny,Janic,wjanicnq@wikia.com,Female,73.249.1.239
856,Frasquito,Lorimer,florimernr@tmall.com,Male,214.221.227.129
857,Emmanuel,Piggen,epiggenns@prweb.com,Bigender,123.135.237.42
858,Artemus,Belcher,abelchernt@studiopress.com,Female,76.46.155.237
859,Engelbert,Borrell,eborrellnu@google.it,Female,28.117.110.132
860,Maire,MacCallam,mmaccallamnv@comsenz.com,Male,163.45.102.147
861,Nial,Kelberman,nkelbermannw@odnoklassniki.ru,Non-binary,147.69.19.73
862,Lory,Dybell,ldybellnx@miibeian.gov.cn,Male,191.222.213.154
863,Karine,Edy,kedyny@phpbb.com,Male,30.218.226.71
864,Cacilia,Brocks,cbrocksnz@geocities.jp,Male,167.199.59.64
865,Barbra,Marskell,bmarskello0@homestead.com,Male,61.12.11.145
866,Cristionna,Iamittii,ciamittiio1@nationalgeographic.com,Male,181.35.164.144
867,Son,Berry,sberryo2@businessinsider.com,Female,164.211.69.115
868,Calypso,Klimas,cklimaso3@sina.com.cn,Female,219.58.91.137
869,Birgit,Bolley,bbolleyo4@webmd.com,Female,62.161.251.241
870,Annice,Marchment,amarchmento5@hostgator.com,Genderfluid,146.37.63.118
871,Edik,MacTavish,emactavisho6@wufoo.com,Male,183.230.59.172
872,Anthony,Wardhaw,awardhawo7@npr.org,Male,79.170.222.109
873,Lorens,Diaper,ldiapero8@microsoft.com,Female,103.123.1.120
874,Benoite,Roocroft,broocrofto9@si.edu,Male,172.53.114.71
875,Michelina,Pinnington,mpinningtonoa@huffingtonpost.com,Male,107.11.214.141
876,Sella,Fendlow,sfendlowob@4shared.com,Female,111.254.163.47
877,Elston,Luipold,eluipoldoc@creativecommons.org,Female,129.56.178.120
878,Fredric,De Luna,fdelunaod@aol.com,Female,164.8.223.175
879,Darcey,Twiddell,dtwiddelloe@digg.com,Male,86.245.199.90
880,Saundra,Millwall,smillwallof@rambler.ru,Male,228.29.183.30
881,Astra,Pulfer,apulferog@google.fr,Male,204.120.33.104
882,Margit,Wondraschek,mwondraschekoh@army.mil,Non-binary,52.225.233.230
883,Tad,Caccavari,tcaccavarioi@nytimes.com,Agender,230.136.150.197
884,Stephan,Quig,squigoj@clickbank.net,Female,207.171.199.105
885,Mindy,Storre,mstorreok@google.com.au,Female,167.49.37.196
886,Nonnah,Dyos,ndyosol@pen.io,Male,93.59.186.150
887,Wildon,Markel,wmarkelom@g.co,Female,61.72.98.115
888,Nicola,Northrop,nnorthropon@techcrunch.com,Female,1.148.77.86
889,Obadiah,MacAndrew,omacandrewoo@instagram.com,Male,27.209.109.46
890,Mario,Dibbin,mdibbinop@behance.net,Male,5.201.182.112
891,Perla,Abthorpe,pabthorpeoq@usatoday.com,Male,243.239.74.40
892,Laverne,Fatharly,lfatharlyor@1und1.de,Male,115.122.233.231
893,Kilian,Barstow,kbarstowos@chronoengine.com,Female,137.60.141.59
894,Mace,Newborn,mnewbornot@biglobe.ne.jp,Female,154.18.213.57
895,Cordie,Skudder,cskudderou@amazon.de,Male,22.12.48.76
896,Paolina,Pulster,ppulsterov@sohu.com,Male,237.19.130.66
897,Reba,Poulsen,rpoulsenow@psu.edu,Male,1.252.160.238
898,Amalea,Ivakhno,aivakhnoox@alexa.com,Genderqueer,53.95.250.177
899,Ruthy,Edgell,redgelloy@ted.com,Male,127.83.126.230
900,Raff,Brinkley,rbrinkleyoz@mac.com,Male,224.21.82.223
901,Paul,Cotelard,pcotelardp0@irs.gov,Genderqueer,31.13.253.115
902,Neila,Carine,ncarinep1@furl.net,Male,161.63.28.57
903,Fernanda,Battabee,fbattabeep2@cnn.com,Male,80.9.207.232
904,Jeanne,Dullingham,jdullinghamp3@liveinternet.ru,Male,25.224.63.232
905,Veronike,Sculley,vsculleyp4@rambler.ru,Male,63.218.246.166
906,Alli,Van Velde,avanveldep5@plala.or.jp,Male,249.210.38.216
907,Bentley,Boleyn,bboleynp6@yelp.com,Male,177.101.206.234
908,Cathlene,Marchi,cmarchip7@pen.io,Male,85.102.253.6
909,Sandi,Ghidoni,sghidonip8@salon.com,Male,59.251.150.148
910,Alexina,Milley,amilleyp9@about.me,Male,194.153.204.246
911,Laurene,Crabbe,lcrabbepa@patch.com,Male,50.149.138.237
912,Marijn,Rounds,mroundspb@moonfruit.com,Female,53.76.193.125
913,Lou,World,lworldpc@harvard.edu,Male,133.108.62.190
914,Gerrie,Macquire,gmacquirepd@over-blog.com,Female,135.60.218.144
915,Dinah,Valente,dvalentepe@indiatimes.com,Female,220.109.63.254
916,Katie,Jermy,kjermypf@gizmodo.com,Male,122.230.216.91
917,Abel,Thomasset,athomassetpg@imageshack.us,Agender,222.236.191.21
918,Tamara,Gamblin,tgamblinph@jiathis.com,Male,110.56.237.150
919,Selina,Jansky,sjanskypi@eventbrite.com,Female,231.68.2.105
920,Gaven,McCree,gmccreepj@ox.ac.uk,Male,134.53.35.236
921,Tiff,Armstrong,tarmstrongpk@devhub.com,Genderfluid,49.226.155.82
922,Merl,Janoch,mjanochpl@columbia.edu,Female,72.2.254.188
923,Clay,Waycot,cwaycotpm@altervista.org,Female,81.196.203.113
924,Shelden,Cockerton,scockertonpn@pen.io,Male,36.2.235.28
925,Chrystel,Stops,cstopspo@house.gov,Male,234.114.186.26
926,Cosimo,Capelin,ccapelinpp@ifeng.com,Female,108.255.59.165
927,Hewet,McTeggart,hmcteggartpq@harvard.edu,Male,18.83.192.19
928,Rutledge,McKeggie,rmckeggiepr@google.com,Male,229.187.105.6
929,Rosanna,Yong,ryongps@usgs.gov,Male,142.30.43.8
930,Lisha,Scarborough,lscarboroughpt@businesswire.com,Female,120.92.189.57
931,Hakeem,Gullberg,hgullbergpu@marriott.com,Female,40.171.8.112
932,Solly,Ellett,sellettpv@psu.edu,Male,76.88.40.17
933,Dody,Sawer,dsawerpw@blogger.com,Female,17.64.226.99
934,Emmet,Broun,ebrounpx@shareasale.com,Female,131.223.4.169
935,Darda,Buey,dbueypy@creativecommons.org,Male,9.54.173.233
936,Crichton,Ridge,cridgepz@phpbb.com,Male,38.237.223.84
937,Alexis,Farans,afaransq0@jigsy.com,Female,34.43.188.136
938,Lemmy,Kubu,lkubuq1@paypal.com,Female,217.248.111.246
939,Carly,Nevett,cnevettq2@tripod.com,Female,87.233.222.82
940,Hailee,Wallage,hwallageq3@unc.edu,Male,252.126.223.0
941,Ash,Ifill,aifillq4@nifty.com,Female,38.215.186.101
942,Hamil,Romain,hromainq5@sciencedirect.com,Female,253.185.100.167
943,Marsiella,Kinforth,mkinforthq6@typepad.com,Female,202.0.221.218
944,Nobie,Elderbrant,nelderbrantq7@tripadvisor.com,Male,34.45.152.53
945,Joscelin,Reyson,jreysonq8@google.it,Female,0.64.26.190
946,Heinrick,Ive,hiveq9@dropbox.com,Female,0.1.66.77
947,Brande,Ellcome,bellcomeqa@answers.com,Female,2.111.208.227
948,Waiter,Giacomo,wgiacomoqb@desdev.cn,Male,13.51.15.41
949,Valle,Baldacco,vbaldaccoqc@icq.com,Male,88.54.225.44
950,Arlin,Been,abeenqd@netvibes.com,Male,248.18.1.43
951,Ethe,Cozens,ecozensqe@altervista.org,Bigender,96.255.219.94
952,Gennifer,Laviste,glavisteqf@uiuc.edu,Female,71.14.21.157
953,Hulda,Sulter,hsulterqg@jugem.jp,Female,201.115.4.70
954,Edouard,Jacklings,ejacklingsqh@reference.com,Bigender,56.108.229.216
955,Orv,Ferran,oferranqi@paypal.com,Male,30.86.40.165
956,Gratiana,Whitnell,gwhitnellqj@digg.com,Male,197.165.47.72
957,Lorianna,Duncan,lduncanqk@google.com.br,Male,15.145.22.130
958,Cynthia,Nobles,cnoblesql@cbslocal.com,Male,179.229.31.149
959,Sandor,Cowpertwait,scowpertwaitqm@elpais.com,Male,0.130.90.60
960,Jasmine,Folger,jfolgerqn@arstechnica.com,Female,15.52.180.176
961,Yorgo,Clewer,yclewerqo@sakura.ne.jp,Polygender,223.3.66.210
962,Merrile,Latchmore,mlatchmoreqp@360.cn,Female,244.250.200.57
963,Martie,Lerwell,mlerwellqq@people.com.cn,Male,18.57.136.246
964,Casey,Hambatch,chambatchqr@sitemeter.com,Female,252.136.20.199
965,Wyatt,Tolworthie,wtolworthieqs@scientificamerican.com,Male,134.160.250.88
966,Dania,Vegas,dvegasqt@weather.com,Male,50.160.135.85
967,Garwin,Botly,gbotlyqu@sogou.com,Female,100.110.248.37
968,Brewer,Wraight,bwraightqv@jiathis.com,Female,153.82.46.199
969,Janean,Athersmith,jathersmithqw@baidu.com,Male,91.11.216.15
970,Margalit,Woolveridge,mwoolveridgeqx@drupal.org,Male,38.166.184.2
971,Dina,Karpenya,dkarpenyaqy@gmpg.org,Male,54.52.242.31
972,Brigham,Twatt,btwattqz@pbs.org,Male,194.187.65.109
973,Zacharia,Caldecourt,zcaldecourtr0@51.la,Female,125.16.68.5
974,Barbey,Pittam,bpittamr1@imdb.com,Male,103.17.148.138
975,Riley,Hemstead,rhemsteadr2@si.edu,Male,203.126.141.127
976,Billie,O'Donoghue,bodonoghuer3@washington.edu,Female,133.236.254.98
977,Daven,Singyard,dsingyardr4@smh.com.au,Male,201.217.133.161
978,Rem,Fone,rfoner5@house.gov,Female,128.33.99.217
979,Mildred,Costanza,mcostanzar6@independent.co.uk,Female,205.100.67.195
980,Harbert,Meachan,hmeachanr7@ihg.com,Female,21.60.163.224
981,Cad,Coules,ccoulesr8@trellian.com,Female,158.131.42.228
982,Minerva,Ladbrook,mladbrookr9@ca.gov,Female,135.163.86.181
983,Heida,Prosh,hproshra@simplemachines.org,Female,176.158.216.236
984,Perry,Spilling,pspillingrb@ycombinator.com,Genderfluid,77.100.230.189
985,Corabella,Frankton,cfranktonrc@cloudflare.com,Male,163.95.149.189
986,Eden,Fellgate,efellgaterd@google.com.au,Male,202.211.118.130
987,Ludovika,Masey,lmaseyre@g.co,Female,204.10.139.96
988,Appolonia,Reade,areaderf@ifeng.com,Male,227.109.200.115
989,Theodor,Crowne,tcrownerg@newsvine.com,Female,133.253.129.46
990,Marthena,Spincke,mspinckerh@indiatimes.com,Non-binary,155.40.146.131
991,Beitris,Knibley,bknibleyri@pinterest.com,Male,77.105.102.69
992,Stoddard,Backhouse,sbackhouserj@discovery.com,Female,29.191.181.84
993,Morly,Whalebelly,mwhalebellyrk@blogger.com,Female,192.85.126.156
994,Ula,Peacop,upeacoprl@businessinsider.com,Female,23.159.224.219
995,Bel,Senyard,bsenyardrm@vimeo.com,Female,95.205.115.76
996,Levi,Danigel,ldanigelrn@prlog.org,Female,181.31.166.48
997,Shandee,Salamon,ssalamonro@devhub.com,Female,71.56.98.136
998,Kristal,Joskowicz,kjoskowiczrp@g.co,Male,207.74.115.215
999,Robers,Rantoul,rrantoulrq@oracle.com,Male,120.73.39.50
1000,Janette,Aaron,jaaronrr@eventbrite.com,Male,64.92.116.48
